,axis-0,axis-1
0,803.0,865.0
1,805.0,863.0
2,809.0,865.0
3,1098.0,1461.0
4,1102.6666666666667,1466.6666666666667
